unique_id,price_paid,deed_date,postcode,property_type,new_build,estate_type,saon,paon,street,locality,town,district,county,transaction_category,linked_data_uri
"4E75C29D-6D12-8922-E063-4804A8C094D0","326000","2026-03-10","L23 0QH","S","N","F","","10","WILLEDSTAN AVENUE","","LIVERPOOL","SEFTON","MERSEYSIDE","A","http://landregistry.data.gov.uk/data/ppi/transaction/4E75C29D-6D12-8922-E063-4804A8C094D0/current"
"5834E4E9-0480-29C7-E063-4804A8C015BC","392000","2026-04-10","L23 0QH","S","N","F","","15","WILLEDSTAN AVENUE","","LIVERPOOL","SEFTON","MERSEYSIDE","A","http://landregistry.data.gov.uk/data/ppi/transaction/5834E4E9-0480-29C7-E063-4804A8C015BC/current"
"50D10B84-37A4-B8D0-E063-4704A8C08D98","260000","2026-03-20","L23 0QQ","S","N","F","","122","STUART ROAD","CROSBY","LIVERPOOL","SEFTON","MERSEYSIDE","A","http://landregistry.data.gov.uk/data/ppi/transaction/50D10B84-37A4-B8D0-E063-4704A8C08D98/current"
"5340B1C5-96DC-8052-E063-4804A8C06EE4","325000","2026-04-28","L23 0RA","S","N","F","","13","STRATHMORE DRIVE","","LIVERPOOL","SEFTON","MERSEYSIDE","A","http://landregistry.data.gov.uk/data/ppi/transaction/5340B1C5-96DC-8052-E063-4804A8C06EE4/current"
"5834E4E9-0386-29C7-E063-4804A8C015BC","120400","2026-07-03","L23 0RW","F","N","L","FLAT 4","10","COLLEGE ROAD","","LIVERPOOL","SEFTON","MERSEYSIDE","A","http://landregistry.data.gov.uk/data/ppi/transaction/5834E4E9-0386-29C7-E063-4804A8C015BC/current"
"50D10B84-35C4-B8D0-E063-4704A8C08D98","375000","2026-04-22","L23 0RX","S","N","F","","193","LIVERPOOL ROAD","GREAT CROSBY","LIVERPOOL","SEFTON","MERSEYSIDE","A","http://landregistry.data.gov.uk/data/ppi/transaction/50D10B84-35C4-B8D0-E063-4704A8C08D98/current"
"5340B1C5-97FF-8052-E063-4804A8C06EE4","308000","2026-03-30","L23 0SA","S","N","F","","1","MORNINGTON AVENUE","","LIVERPOOL","SEFTON","MERSEYSIDE","A","http://landregistry.data.gov.uk/data/ppi/transaction/5340B1C5-97FF-8052-E063-4804A8C06EE4/current"
"5340B1C5-973E-8052-E063-4804A8C06EE4","350000","2026-04-16","L23 0SL","S","N","F","","4","MARLDON AVENUE","","LIVERPOOL","SEFTON","MERSEYSIDE","A","http://landregistry.data.gov.uk/data/ppi/transaction/5340B1C5-973E-8052-E063-4804A8C06EE4/current"
"50D10B84-34F9-B8D0-E063-4704A8C08D98","245000","2026-03-30","L23 0SX","T","N","F","","20","DERWENT ROAD","CROSBY","LIVERPOOL","SEFTON","MERSEYSIDE","A","http://landregistry.data.gov.uk/data/ppi/transaction/50D10B84-34F9-B8D0-E063-4704A8C08D98/current"
"5834E4E9-003C-29C7-E063-4804A8C015BC","300000","2026-06-26","L23 0TA","S","N","F","","30","GRASMERE GARDENS","","LIVERPOOL","SEFTON","MERSEYSIDE","A","http://landregistry.data.gov.uk/data/ppi/transaction/5834E4E9-003C-29C7-E063-4804A8C015BC/current"
"50D10B84-351B-B8D0-E063-4704A8C08D98","228000","2026-03-13","L23 0TG","T","N","F","","5","SEAFIELD AVENUE","","LIVERPOOL","SEFTON","MERSEYSIDE","A","http://landregistry.data.gov.uk/data/ppi/transaction/50D10B84-351B-B8D0-E063-4704A8C08D98/current"
"559C5AD5-5297-AFE3-E063-4804A8C004A4","307500","2026-06-12","L23 0TH","S","N","F","","24","WYLVA AVENUE","","LIVERPOOL","SEFTON","MERSEYSIDE","A","http://landregistry.data.gov.uk/data/ppi/transaction/559C5AD5-5297-AFE3-E063-4804A8C004A4/current"
"50D10B84-34B7-B8D0-E063-4704A8C08D98","325000","2026-03-20","L23 0TQ","S","N","F","","40","SEAFIELD AVENUE","","LIVERPOOL","SEFTON","MERSEYSIDE","A","http://landregistry.data.gov.uk/data/ppi/transaction/50D10B84-34B7-B8D0-E063-4704A8C08D98/current"
"4E75C29D-6D84-8922-E063-4804A8C094D0","270000","2026-03-13","L23 0UE","S","N","F","","37","MOORGATE AVENUE","","LIVERPOOL","SEFTON","MERSEYSIDE","A","http://landregistry.data.gov.uk/data/ppi/transaction/4E75C29D-6D84-8922-E063-4804A8C094D0/current"
"559C5AD5-53BE-AFE3-E063-4804A8C004A4","250500","2026-05-29","L23 0UG","S","N","F","","43","ROSEDALE AVENUE","","LIVERPOOL","SEFTON","MERSEYSIDE","A","http://landregistry.data.gov.uk/data/ppi/transaction/559C5AD5-53BE-AFE3-E063-4804A8C004A4/current"
"5340B1C5-970C-8052-E063-4804A8C06EE4","240000","2026-03-27","L23 0UG","S","N","F","","55","ROSEDALE AVENUE","","LIVERPOOL","SEFTON","MERSEYSIDE","A","http://landregistry.data.gov.uk/data/ppi/transaction/5340B1C5-970C-8052-E063-4804A8C06EE4/current"
"559C5AD5-55AD-AFE3-E063-4804A8C004A4","360000","2026-05-08","L23 0YD","T","N","F","","1","FAIRHOLME MEWS","","LIVERPOOL","SEFTON","MERSEYSIDE","A","http://landregistry.data.gov.uk/data/ppi/transaction/559C5AD5-55AD-AFE3-E063-4804A8C004A4/current"
"5340B1C5-99C4-8052-E063-4804A8C06EE4","228000","2026-05-21","L23 1AE","T","N","F","","33","THORN TREE DRIVE","","LIVERPOOL","SEFTON","MERSEYSIDE","A","http://landregistry.data.gov.uk/data/ppi/transaction/5340B1C5-99C4-8052-E063-4804A8C06EE4/current"
"5834E4E9-0502-29C7-E063-4804A8C015BC","256000","2026-07-06","L23 1AJ","S","N","F","","36","LAND MARK CLOSE","","LIVERPOOL","SEFTON","MERSEYSIDE","A","http://landregistry.data.gov.uk/data/ppi/transaction/5834E4E9-0502-29C7-E063-4804A8C015BC/current"
"50D10B84-35BF-B8D0-E063-4704A8C08D98","255000","2026-03-13","L23 1TH","S","N","F","","19","HALIFAX CRESCENT","","LIVERPOOL","SEFTON","MERSEYSIDE","A","http://landregistry.data.gov.uk/data/ppi/transaction/50D10B84-35BF-B8D0-E063-4704A8C08D98/current"
"559C5AD5-509D-AFE3-E063-4804A8C004A4","215000","2026-03-16","L23 1TH","S","N","F","","34","HALIFAX CRESCENT","","LIVERPOOL","SEFTON","MERSEYSIDE","A","http://landregistry.data.gov.uk/data/ppi/transaction/559C5AD5-509D-AFE3-E063-4804A8C004A4/current"
"559C5AD5-5246-AFE3-E063-4804A8C004A4","250000","2026-06-19","L23 1TH","S","N","F","","44","HALIFAX CRESCENT","","LIVERPOOL","SEFTON","MERSEYSIDE","A","http://landregistry.data.gov.uk/data/ppi/transaction/559C5AD5-5246-AFE3-E063-4804A8C004A4/current"
"5834E4E9-018C-29C7-E063-4804A8C015BC","250000","2026-07-01","L23 1ZA","D","N","F","","8","STANNYFIELD CLOSE","","LIVERPOOL","SEFTON","MERSEYSIDE","A","http://landregistry.data.gov.uk/data/ppi/transaction/5834E4E9-018C-29C7-E063-4804A8C015BC/current"
"50D10B84-3673-B8D0-E063-4704A8C08D98","165000","2026-04-07","L23 2AA","F","N","L","FLAT 30","GROVE COURT, 20","MOOR LANE","CROSBY","LIVERPOOL","SEFTON","MERSEYSIDE","A","http://landregistry.data.gov.uk/data/ppi/transaction/50D10B84-3673-B8D0-E063-4704A8C08D98/current"
"5834E4E9-0271-29C7-E063-4804A8C015BC","380000","2026-06-26","L23 2RD","S","N","F","","69","THE NORTHERN ROAD","","LIVERPOOL","SEFTON","MERSEYSIDE","A","http://landregistry.data.gov.uk/data/ppi/transaction/5834E4E9-0271-29C7-E063-4804A8C015BC/current"
"50D10B84-3415-B8D0-E063-4704A8C08D98","330000","2026-04-20","L23 2RZ","S","N","F","","15","OLD FARM ROAD","CROSBY","LIVERPOOL","SEFTON","MERSEYSIDE","A","http://landregistry.data.gov.uk/data/ppi/transaction/50D10B84-3415-B8D0-E063-4704A8C08D98/current"
"5340B1C5-98F7-8052-E063-4804A8C06EE4","155000","2026-05-15","L23 2SD","F","N","L","","5","AVON COURT","","LIVERPOOL","SEFTON","MERSEYSIDE","A","http://landregistry.data.gov.uk/data/ppi/transaction/5340B1C5-98F7-8052-E063-4804A8C06EE4/current"
"559C5AD5-510B-AFE3-E063-4804A8C004A4","375000","2026-05-22","L23 2SG","S","N","F","","53","MOOR LANE","CROSBY","LIVERPOOL","SEFTON","MERSEYSIDE","A","http://landregistry.data.gov.uk/data/ppi/transaction/559C5AD5-510B-AFE3-E063-4804A8C004A4/current"
"5340B1C5-975F-8052-E063-4804A8C06EE4","180000","2026-04-17","L23 2SL","S","N","F","","8","DURBAN AVENUE","","LIVERPOOL","SEFTON","MERSEYSIDE","A","http://landregistry.data.gov.uk/data/ppi/transaction/5340B1C5-975F-8052-E063-4804A8C06EE4/current"
"5340B1C5-9673-8052-E063-4804A8C06EE4","1225000","2026-05-06","L23 2ST","D","N","F","","17","POPLAR AVENUE","","LIVERPOOL","SEFTON","MERSEYSIDE","A","http://landregistry.data.gov.uk/data/ppi/transaction/5340B1C5-9673-8052-E063-4804A8C06EE4/current"
"50D10B84-3530-B8D0-E063-4704A8C08D98","250000","2026-03-27","L23 2TL","S","N","F","","15","MAYFAIR AVENUE","CROSBY","LIVERPOOL","SEFTON","MERSEYSIDE","A","http://landregistry.data.gov.uk/data/ppi/transaction/50D10B84-3530-B8D0-E063-4704A8C08D98/current"
"5834E4E9-0194-29C7-E063-4804A8C015BC","525000","2026-03-26","L23 2TQ","D","N","F","","32","LITTLE CROSBY ROAD","GREAT CROSBY","LIVERPOOL","SEFTON","MERSEYSIDE","A","http://landregistry.data.gov.uk/data/ppi/transaction/5834E4E9-0194-29C7-E063-4804A8C015BC/current"
"5340B1C5-9631-8052-E063-4804A8C06EE4","240050","2026-05-01","L23 2UA","S","N","F","","34","WOODEND AVENUE","CROSBY","LIVERPOOL","SEFTON","MERSEYSIDE","A","http://landregistry.data.gov.uk/data/ppi/transaction/5340B1C5-9631-8052-E063-4804A8C06EE4/current"
"50D10B84-35FA-B8D0-E063-4704A8C08D98","122000","2026-04-10","L23 2UB","F","N","L","","84A","WOODEND AVENUE","CROSBY","LIVERPOOL","SEFTON","MERSEYSIDE","A","http://landregistry.data.gov.uk/data/ppi/transaction/50D10B84-35FA-B8D0-E063-4704A8C08D98/current"
"559C5AD5-508D-AFE3-E063-4804A8C004A4","260000","2026-06-05","L23 2UB","S","N","F","","114","WOODEND AVENUE","CROSBY","LIVERPOOL","SEFTON","MERSEYSIDE","A","http://landregistry.data.gov.uk/data/ppi/transaction/559C5AD5-508D-AFE3-E063-4804A8C004A4/current"
"50D10B84-36B7-B8D0-E063-4704A8C08D98","478000","2026-04-01","L23 2UQ","D","N","F","","136A","MOOR LANE","CROSBY","LIVERPOOL","SEFTON","MERSEYSIDE","A","http://landregistry.data.gov.uk/data/ppi/transaction/50D10B84-36B7-B8D0-E063-4704A8C08D98/current"
"5834E4E9-03FA-29C7-E063-4804A8C015BC","320000","2026-06-30","L23 2XA","D","N","F","","18","WINDMILL AVENUE","","LIVERPOOL","SEFTON","MERSEYSIDE","A","http://landregistry.data.gov.uk/data/ppi/transaction/5834E4E9-03FA-29C7-E063-4804A8C015BC/current"
"50D10B84-36C4-B8D0-E063-4704A8C08D98","410000","2026-04-07","L23 2XH","S","N","F","","21","ASCOT PARK","","LIVERPOOL","SEFTON","MERSEYSIDE","A","http://landregistry.data.gov.uk/data/ppi/transaction/50D10B84-36C4-B8D0-E063-4704A8C08D98/current"
"559C5AD5-5092-AFE3-E063-4804A8C004A4","550000","2026-06-12","L23 3AH","D","N","F","","3A","IVANHOE ROAD","CROSBY","LIVERPOOL","SEFTON","MERSEYSIDE","A","http://landregistry.data.gov.uk/data/ppi/transaction/559C5AD5-5092-AFE3-E063-4804A8C004A4/current"
"5834E4E9-05E8-29C7-E063-4804A8C015BC","390000","2026-06-12","L23 3AN","S","N","F","","17","ROSSETT ROAD","","LIVERPOOL","SEFTON","MERSEYSIDE","A","http://landregistry.data.gov.uk/data/ppi/transaction/5834E4E9-05E8-29C7-E063-4804A8C015BC/current"
"559C5AD5-52FD-AFE3-E063-4804A8C004A4","580000","2026-05-21","L23 3AR","D","N","F","","9","ESHE ROAD","","LIVERPOOL","SEFTON","MERSEYSIDE","A","http://landregistry.data.gov.uk/data/ppi/transaction/559C5AD5-52FD-AFE3-E063-4804A8C004A4/current"
"5834E4E9-B3F4-29C7-E063-4804A8C015BC","60000","2026-06-25","L23 3AS","F","N","L","FLAT 1","COLLSIDE COURT, 117","COLLEGE ROAD","","LIVERPOOL","SEFTON","MERSEYSIDE","B","http://landregistry.data.gov.uk/data/ppi/transaction/5834E4E9-B3F4-29C7-E063-4804A8C015BC/current"
"559C5AD5-50A4-AFE3-E063-4804A8C004A4","352000","2026-06-05","L23 3AW","S","N","F","","26A","ROSSETT ROAD","","LIVERPOOL","SEFTON","MERSEYSIDE","A","http://landregistry.data.gov.uk/data/ppi/transaction/559C5AD5-50A4-AFE3-E063-4804A8C004A4/current"
"559C5AD5-5120-AFE3-E063-4804A8C004A4","177300","2026-06-19","L23 3BD","T","N","F","","45","JUBILEE ROAD","CROSBY","LIVERPOOL","SEFTON","MERSEYSIDE","A","http://landregistry.data.gov.uk/data/ppi/transaction/559C5AD5-5120-AFE3-E063-4804A8C004A4/current"
"559C5AD5-542F-AFE3-E063-4804A8C004A4","165000","2026-03-20","L23 3BP","F","N","L","","52A","CORONATION DRIVE","CROSBY","LIVERPOOL","SEFTON","MERSEYSIDE","A","http://landregistry.data.gov.uk/data/ppi/transaction/559C5AD5-542F-AFE3-E063-4804A8C004A4/current"
"559C5AD5-5077-AFE3-E063-4804A8C004A4","315000","2026-05-21","L23 3DG","S","N","F","","5","LANCASTER AVENUE","CROSBY","LIVERPOOL","SEFTON","MERSEYSIDE","A","http://landregistry.data.gov.uk/data/ppi/transaction/559C5AD5-5077-AFE3-E063-4804A8C004A4/current"
"5834E4E9-02C4-29C7-E063-4804A8C015BC","326750","2026-04-17","L23 3DH","S","N","F","","4","TUDOR ROAD","CROSBY","LIVERPOOL","SEFTON","MERSEYSIDE","A","http://landregistry.data.gov.uk/data/ppi/transaction/5834E4E9-02C4-29C7-E063-4804A8C015BC/current"
"5340B1C5-982E-8052-E063-4804A8C06EE4","415800","2026-04-17","L23 3DH","S","N","F","","16","TUDOR ROAD","CROSBY","LIVERPOOL","SEFTON","MERSEYSIDE","A","http://landregistry.data.gov.uk/data/ppi/transaction/5340B1C5-982E-8052-E063-4804A8C06EE4/current"
"50D10B84-C67B-B8D0-E063-4704A8C08D98","350000","2026-03-20","L23 3DH","S","N","F","","20","TUDOR ROAD","CROSBY","LIVERPOOL","SEFTON","MERSEYSIDE","B","http://landregistry.data.gov.uk/data/ppi/transaction/50D10B84-C67B-B8D0-E063-4704A8C08D98/current"
"559C5AD5-5139-AFE3-E063-4804A8C004A4","280000","2026-05-29","L23 3DN","S","N","F","","39","BROOKFIELD AVENUE","CROSBY","LIVERPOOL","SEFTON","MERSEYSIDE","A","http://landregistry.data.gov.uk/data/ppi/transaction/559C5AD5-5139-AFE3-E063-4804A8C004A4/current"
"559C5AD5-5106-AFE3-E063-4804A8C004A4","385000","2026-04-30","L23 3DW","S","N","F","","4","BROOKFIELD AVENUE","CROSBY","LIVERPOOL","SEFTON","MERSEYSIDE","A","http://landregistry.data.gov.uk/data/ppi/transaction/559C5AD5-5106-AFE3-E063-4804A8C004A4/current"
"50D10B84-C767-B8D0-E063-4704A8C08D98","150000","2026-03-27","L23 4TA","O","N","F","","4","THE CRESCENT","THORNTON","LIVERPOOL","SEFTON","MERSEYSIDE","B","http://landregistry.data.gov.uk/data/ppi/transaction/50D10B84-C767-B8D0-E063-4704A8C08D98/current"
"5340B1C5-9678-8052-E063-4804A8C06EE4","380000","2026-03-27","L23 4TH","S","N","F","","35","SOUTHPORT ROAD","THORNTON","LIVERPOOL","SEFTON","MERSEYSIDE","A","http://landregistry.data.gov.uk/data/ppi/transaction/5340B1C5-9678-8052-E063-4804A8C06EE4/current"
"5340B1C5-9966-8052-E063-4804A8C06EE4","375000","2026-04-24","L23 4TZ","S","N","F","","28","BRENDA CRESCENT","","LIVERPOOL","SEFTON","MERSEYSIDE","A","http://landregistry.data.gov.uk/data/ppi/transaction/5340B1C5-9966-8052-E063-4804A8C06EE4/current"
"559C5AD5-526B-AFE3-E063-4804A8C004A4","366500","2026-05-22","L23 4TZ","S","N","F","","30","BRENDA CRESCENT","","LIVERPOOL","SEFTON","MERSEYSIDE","A","http://landregistry.data.gov.uk/data/ppi/transaction/559C5AD5-526B-AFE3-E063-4804A8C004A4/current"
"559C5AD5-5102-AFE3-E063-4804A8C004A4","445000","2026-05-22","L23 4UD","D","N","F","","6","VIRGINS LANE","","LIVERPOOL","SEFTON","MERSEYSIDE","A","http://landregistry.data.gov.uk/data/ppi/transaction/559C5AD5-5102-AFE3-E063-4804A8C004A4/current"
"5834E4E9-00DD-29C7-E063-4804A8C015BC","490000","2026-04-02","L23 4UQ","D","N","F","","6","CHELLOW DENE","","LIVERPOOL","SEFTON","MERSEYSIDE","A","http://landregistry.data.gov.uk/data/ppi/transaction/5834E4E9-00DD-29C7-E063-4804A8C015BC/current"
"559C5AD5-54E9-AFE3-E063-4804A8C004A4","315000","2026-05-22","L23 4UQ","D","N","F","","10","CHELLOW DENE","","LIVERPOOL","SEFTON","MERSEYSIDE","A","http://landregistry.data.gov.uk/data/ppi/transaction/559C5AD5-54E9-AFE3-E063-4804A8C004A4/current"
"5340B1C5-976F-8052-E063-4804A8C06EE4","263500","2026-04-29","L23 5RB","T","N","F","","26","SHAFTESBURY ROAD","","LIVERPOOL","SEFTON","MERSEYSIDE","A","http://landregistry.data.gov.uk/data/ppi/transaction/5340B1C5-976F-8052-E063-4804A8C06EE4/current"
"559C5AD5-5476-AFE3-E063-4804A8C004A4","185000","2026-06-12","L23 5RT","S","N","F","","20","VERMONT ROAD","","LIVERPOOL","SEFTON","MERSEYSIDE","A","http://landregistry.data.gov.uk/data/ppi/transaction/559C5AD5-5476-AFE3-E063-4804A8C004A4/current"
"5340B1C5-986C-8052-E063-4804A8C06EE4","232000","2026-04-10","L23 5RU","S","N","F","","33","VERMONT AVENUE","","LIVERPOOL","SEFTON","MERSEYSIDE","A","http://landregistry.data.gov.uk/data/ppi/transaction/5340B1C5-986C-8052-E063-4804A8C06EE4/current"
"5340B1C6-2637-8052-E063-4804A8C06EE4","223500","2026-03-30","L23 5RY","S","N","F","","57","VALE ROAD","CROSBY","LIVERPOOL","SEFTON","MERSEYSIDE","B","http://landregistry.data.gov.uk/data/ppi/transaction/5340B1C6-2637-8052-E063-4804A8C06EE4/current"
"5834E4E9-05D8-29C7-E063-4804A8C015BC","284300","2026-07-10","L23 5SX","S","N","F","","11","KIMBERLEY AVENUE","","LIVERPOOL","SEFTON","MERSEYSIDE","A","http://landregistry.data.gov.uk/data/ppi/transaction/5834E4E9-05D8-29C7-E063-4804A8C015BC/current"
"50D10B84-37B2-B8D0-E063-4704A8C08D98","295000","2026-03-27","L23 5SX","T","N","F","","13","KIMBERLEY AVENUE","","LIVERPOOL","SEFTON","MERSEYSIDE","A","http://landregistry.data.gov.uk/data/ppi/transaction/50D10B84-37B2-B8D0-E063-4704A8C08D98/current"
"559C5AD5-EF4B-AFE3-E063-4804A8C004A4","250000","2026-05-18","L23 5TE","F","N","F","","121","LIVERPOOL ROAD","CROSBY","LIVERPOOL","SEFTON","MERSEYSIDE","B","http://landregistry.data.gov.uk/data/ppi/transaction/559C5AD5-EF4B-AFE3-E063-4804A8C004A4/current"
"559C5AD5-5312-AFE3-E063-4804A8C004A4","118000","2026-05-13","L23 5UJ","F","N","L","FLAT 47","SANDALWOOD, 83","CORONATION ROAD","CROSBY","LIVERPOOL","SEFTON","MERSEYSIDE","A","http://landregistry.data.gov.uk/data/ppi/transaction/559C5AD5-5312-AFE3-E063-4804A8C004A4/current"
"559C5AD5-539A-AFE3-E063-4804A8C004A4","203248","2026-06-10","L23 6AB","F","N","L","FLAT 1","THE KNOWLES, 2","BLUNDELLSANDS ROAD WEST","CROSBY","LIVERPOOL","SEFTON","MERSEYSIDE","A","http://landregistry.data.gov.uk/data/ppi/transaction/559C5AD5-539A-AFE3-E063-4804A8C004A4/current"
"50D10B84-35C0-B8D0-E063-4704A8C08D98","235000","2026-03-27","L23 6AB","F","N","L","FLAT 11","THE KNOWLES, 2","BLUNDELLSANDS ROAD WEST","CROSBY","LIVERPOOL","SEFTON","MERSEYSIDE","A","http://landregistry.data.gov.uk/data/ppi/transaction/50D10B84-35C0-B8D0-E063-4704A8C08D98/current"
"50D10B84-35C5-B8D0-E063-4704A8C08D98","235000","2026-03-27","L23 6AB","F","N","L","FLAT 7","THE KNOWLES, 2","BLUNDELLSANDS ROAD WEST","CROSBY","LIVERPOOL","SEFTON","MERSEYSIDE","A","http://landregistry.data.gov.uk/data/ppi/transaction/50D10B84-35C5-B8D0-E063-4704A8C08D98/current"
"5340B1C5-9965-8052-E063-4804A8C06EE4","245000","2026-04-17","L23 6SP","F","N","L","","5","BURBO MANSIONS","","LIVERPOOL","SEFTON","MERSEYSIDE","A","http://landregistry.data.gov.uk/data/ppi/transaction/5340B1C5-9965-8052-E063-4804A8C06EE4/current"
"50D10B84-362D-B8D0-E063-4704A8C08D98","320000","2026-04-10","L23 6SR","F","N","L","FLAT 1","WESTON COURT","BURBO BANK ROAD SOUTH","","LIVERPOOL","SEFTON","MERSEYSIDE","A","http://landregistry.data.gov.uk/data/ppi/transaction/50D10B84-362D-B8D0-E063-4704A8C08D98/current"
"5834E4E9-B4B0-29C7-E063-4804A8C015BC","80000","2026-06-25","L23 6SZ","O","N","L","","20B","RIVERSLEA ROAD","","LIVERPOOL","SEFTON","MERSEYSIDE","B","http://landregistry.data.gov.uk/data/ppi/transaction/5834E4E9-B4B0-29C7-E063-4804A8C015BC/current"
"559C5AD5-5197-AFE3-E063-4804A8C004A4","266000","2026-05-28","L23 6SZ","T","N","F","","74","RIVERSLEA ROAD","","LIVERPOOL","SEFTON","MERSEYSIDE","A","http://landregistry.data.gov.uk/data/ppi/transaction/559C5AD5-5197-AFE3-E063-4804A8C004A4/current"
"5340B1C5-9726-8052-E063-4804A8C06EE4","100000","2026-04-27","L23 6TS","F","N","L","FLAT 14","SOMERFORD HOUSE, 2","NICHOLAS ROAD","","LIVERPOOL","SEFTON","MERSEYSIDE","A","http://landregistry.data.gov.uk/data/ppi/transaction/5340B1C5-9726-8052-E063-4804A8C06EE4/current"
"5340B1C5-968D-8052-E063-4804A8C06EE4","180000","2026-04-17","L23 6TS","F","N","L","FLAT 1","NICHOLAS COURT, 8","NICHOLAS ROAD","","LIVERPOOL","SEFTON","MERSEYSIDE","A","http://landregistry.data.gov.uk/data/ppi/transaction/5340B1C5-968D-8052-E063-4804A8C06EE4/current"
"5834E4E9-B4B1-29C7-E063-4804A8C015BC","225000","2026-03-09","L23 6UB","T","N","F","","22","WARREN ROAD","","LIVERPOOL","SEFTON","MERSEYSIDE","B","http://landregistry.data.gov.uk/data/ppi/transaction/5834E4E9-B4B1-29C7-E063-4804A8C015BC/current"
"5340B1C5-9AB8-8052-E063-4804A8C06EE4","510000","2026-04-10","L23 6UQ","D","N","L","","FAIRHAVEN","THE SERPENTINE SOUTH","","LIVERPOOL","SEFTON","MERSEYSIDE","A","http://landregistry.data.gov.uk/data/ppi/transaction/5340B1C5-9AB8-8052-E063-4804A8C06EE4/current"
"4E75C29D-6D8D-8922-E063-4804A8C094D0","530000","2026-03-27","L23 6UW","D","N","L","","64","MERRILOCKS ROAD","","LIVERPOOL","SEFTON","MERSEYSIDE","A","http://landregistry.data.gov.uk/data/ppi/transaction/4E75C29D-6D8D-8922-E063-4804A8C094D0/current"
"5834E4E9-04D3-29C7-E063-4804A8C015BC","180000","2026-07-23","L23 6UX","F","N","L","FLAT 5","15","ABBOTSFORD ROAD","CROSBY","LIVERPOOL","SEFTON","MERSEYSIDE","A","http://landregistry.data.gov.uk/data/ppi/transaction/5834E4E9-04D3-29C7-E063-4804A8C015BC/current"
"559C5AD5-515A-AFE3-E063-4804A8C004A4","186000","2026-05-29","L23 6WE","F","N","L","11","ELSINORE COURT","ABBOTSFORD ROAD","CROSBY","LIVERPOOL","SEFTON","MERSEYSIDE","A","http://landregistry.data.gov.uk/data/ppi/transaction/559C5AD5-515A-AFE3-E063-4804A8C004A4/current"
"4E75C29D-7128-8922-E063-4804A8C094D0","242000","2026-03-12","L23 6XS","F","N","L","FLAT 27","THE DOWNS","BLUNDELLSANDS ROAD WEST","","LIVERPOOL","SEFTON","MERSEYSIDE","A","http://landregistry.data.gov.uk/data/ppi/transaction/4E75C29D-7128-8922-E063-4804A8C094D0/current"
"5834E4E9-03D6-29C7-E063-4804A8C015BC","450000","2026-06-12","L23 6XU","D","N","L","","2","LINVILLE AVENUE","","LIVERPOOL","SEFTON","MERSEYSIDE","A","http://landregistry.data.gov.uk/data/ppi/transaction/5834E4E9-03D6-29C7-E063-4804A8C015BC/current"
"50D10B84-37B1-B8D0-E063-4704A8C08D98","480000","2026-03-20","L23 6XY","D","N","L","","5","INGLE GREEN","","LIVERPOOL","SEFTON","MERSEYSIDE","A","http://landregistry.data.gov.uk/data/ppi/transaction/50D10B84-37B1-B8D0-E063-4704A8C08D98/current"
"559C5AD5-526C-AFE3-E063-4804A8C004A4","185000","2026-05-07","L23 7TD","F","N","L","FLAT 2","PINFOLD COURT","ALEXANDRA ROAD","CROSBY","LIVERPOOL","SEFTON","MERSEYSIDE","A","http://landregistry.data.gov.uk/data/ppi/transaction/559C5AD5-526C-AFE3-E063-4804A8C004A4/current"
"559C5AD5-50EA-AFE3-E063-4804A8C004A4","267000","2026-05-22","L23 7TE","T","N","F","","91","ALEXANDRA ROAD","CROSBY","LIVERPOOL","SEFTON","MERSEYSIDE","A","http://landregistry.data.gov.uk/data/ppi/transaction/559C5AD5-50EA-AFE3-E063-4804A8C004A4/current"
"559C5AD5-506E-AFE3-E063-4804A8C004A4","355000","2026-05-21","L23 7TF","S","N","F","","60","ALEXANDRA ROAD","CROSBY","LIVERPOOL","SEFTON","MERSEYSIDE","A","http://landregistry.data.gov.uk/data/ppi/transaction/559C5AD5-506E-AFE3-E063-4804A8C004A4/current"
"5340B1C6-26F3-8052-E063-4804A8C06EE4","750","2026-04-23","L23 7TN","O","N","F","","25","KINGS ROAD","CROSBY","LIVERPOOL","SEFTON","MERSEYSIDE","B","http://landregistry.data.gov.uk/data/ppi/transaction/5340B1C6-26F3-8052-E063-4804A8C06EE4/current"
"5340B1C5-978F-8052-E063-4804A8C06EE4","234000","2026-04-23","L23 7TN","S","N","L","","25","KINGS ROAD","CROSBY","LIVERPOOL","SEFTON","MERSEYSIDE","A","http://landregistry.data.gov.uk/data/ppi/transaction/5340B1C5-978F-8052-E063-4804A8C06EE4/current"
"5834E4E9-0085-29C7-E063-4804A8C015BC","180000","2026-03-06","L23 7TR","S","N","F","","10","WINDSOR ROAD","CROSBY","LIVERPOOL","SEFTON","MERSEYSIDE","A","http://landregistry.data.gov.uk/data/ppi/transaction/5834E4E9-0085-29C7-E063-4804A8C015BC/current"
"559C5AD5-543D-AFE3-E063-4804A8C004A4","307500","2026-06-15","L23 7UF","S","N","F","","20","SHERWOOD ROAD","","LIVERPOOL","SEFTON","MERSEYSIDE","A","http://landregistry.data.gov.uk/data/ppi/transaction/559C5AD5-543D-AFE3-E063-4804A8C004A4/current"
"5834E4E9-04F0-29C7-E063-4804A8C015BC","390000","2026-06-19","L23 7US","S","N","F","","71","MANOR ROAD","CROSBY","LIVERPOOL","SEFTON","MERSEYSIDE","A","http://landregistry.data.gov.uk/data/ppi/transaction/5834E4E9-04F0-29C7-E063-4804A8C015BC/current"
"559C5AD5-514A-AFE3-E063-4804A8C004A4","350000","2026-05-05","L23 7YB","S","N","F","","1","MANOR AVENUE","","LIVERPOOL","SEFTON","MERSEYSIDE","A","http://landregistry.data.gov.uk/data/ppi/transaction/559C5AD5-514A-AFE3-E063-4804A8C004A4/current"
"5834E4E9-B4E6-29C7-E063-4804A8C015BC","2000000","2026-06-19","L23 8AD","D","N","F","","4","CAMPION VIEW","CROSBY","LIVERPOOL","SEFTON","MERSEYSIDE","B","http://landregistry.data.gov.uk/data/ppi/transaction/5834E4E9-B4E6-29C7-E063-4804A8C015BC/current"
"5834E4E8-E400-29C7-E063-4804A8C015BC","975000","2026-03-09","L23 8SP","D","N","L","","64","DOWHILLS ROAD","","LIVERPOOL","SEFTON","MERSEYSIDE","A","http://landregistry.data.gov.uk/data/ppi/transaction/5834E4E8-E400-29C7-E063-4804A8C015BC/current"
"50D10B84-3674-B8D0-E063-4704A8C08D98","760000","2026-04-01","L23 8TS","D","N","F","","10","HALL ROAD EAST","","LIVERPOOL","SEFTON","MERSEYSIDE","A","http://landregistry.data.gov.uk/data/ppi/transaction/50D10B84-3674-B8D0-E063-4704A8C08D98/current"
"559C5AD5-5269-AFE3-E063-4804A8C004A4","185000","2026-05-29","L23 8UJ","F","N","L","FLAT 14","SANDHURST","BLUNDELLSANDS ROAD EAST","","LIVERPOOL","SEFTON","MERSEYSIDE","A","http://landregistry.data.gov.uk/data/ppi/transaction/559C5AD5-5269-AFE3-E063-4804A8C004A4/current"
"5340B1C5-98E7-8052-E063-4804A8C06EE4","265000","2026-05-08","L23 9SG","S","N","F","","116","BROWNMOOR LANE","","LIVERPOOL","SEFTON","MERSEYSIDE","A","http://landregistry.data.gov.uk/data/ppi/transaction/5340B1C5-98E7-8052-E063-4804A8C06EE4/current"
"5340B1C5-95F9-8052-E063-4804A8C06EE4","358000","2026-05-19","L23 9SH","S","N","F","","8","HAZEL GROVE","CROSBY","LIVERPOOL","SEFTON","MERSEYSIDE","A","http://landregistry.data.gov.uk/data/ppi/transaction/5340B1C5-95F9-8052-E063-4804A8C06EE4/current"
"559C5AD5-5084-AFE3-E063-4804A8C004A4","179000","2026-06-19","L23 9SS","T","N","F","","9","CARRFIELD AVENUE","","LIVERPOOL","SEFTON","MERSEYSIDE","A","http://landregistry.data.gov.uk/data/ppi/transaction/559C5AD5-5084-AFE3-E063-4804A8C004A4/current"
"5834E4E9-007A-29C7-E063-4804A8C015BC","181000","2026-03-26","L23 9ST","T","N","F","","2","WINDLE AVENUE","","LIVERPOOL","SEFTON","MERSEYSIDE","A","http://landregistry.data.gov.uk/data/ppi/transaction/5834E4E9-007A-29C7-E063-4804A8C015BC/current"
"559C5AD5-51EF-AFE3-E063-4804A8C004A4","160000","2026-05-22","L23 9SY","T","N","F","","5","HILLARY DRIVE","","LIVERPOOL","SEFTON","MERSEYSIDE","A","http://landregistry.data.gov.uk/data/ppi/transaction/559C5AD5-51EF-AFE3-E063-4804A8C004A4/current"
"5834E4E9-04DF-29C7-E063-4804A8C015BC","240000","2026-07-10","L23 9TN","S","N","F","","47","LYNDHURST ROAD","CROSBY","LIVERPOOL","SEFTON","MERSEYSIDE","A","http://landregistry.data.gov.uk/data/ppi/transaction/5834E4E9-04DF-29C7-E063-4804A8C015BC/current"
"559C5AD5-531E-AFE3-E063-4804A8C004A4","210000","2026-05-29","L23 9TT","T","N","F","","132","CHESTERFIELD ROAD","","LIVERPOOL","SEFTON","MERSEYSIDE","A","http://landregistry.data.gov.uk/data/ppi/transaction/559C5AD5-531E-AFE3-E063-4804A8C004A4/current"
"5340B1C5-9869-8052-E063-4804A8C06EE4","251000","2026-05-26","L23 9UA","S","N","F","","31","LUPTON DRIVE","","LIVERPOOL","SEFTON","MERSEYSIDE","A","http://landregistry.data.gov.uk/data/ppi/transaction/5340B1C5-9869-8052-E063-4804A8C06EE4/current"
"5834E4E9-0041-29C7-E063-4804A8C015BC","272500","2026-03-06","L23 9UA","S","N","F","","33","LUPTON DRIVE","","LIVERPOOL","SEFTON","MERSEYSIDE","A","http://landregistry.data.gov.uk/data/ppi/transaction/5834E4E9-0041-29C7-E063-4804A8C015BC/current"
"5340B1C5-969C-8052-E063-4804A8C06EE4","292000","2026-04-30","L23 9UD","S","N","F","","4","MOORFIELD ROAD","","LIVERPOOL","SEFTON","MERSEYSIDE","A","http://landregistry.data.gov.uk/data/ppi/transaction/5340B1C5-969C-8052-E063-4804A8C06EE4/current"
"5834E4E9-0182-29C7-E063-4804A8C015BC","180000","2026-06-26","L23 9UH","T","N","F","","19","SEVENACRE ROAD","","LIVERPOOL","SEFTON","MERSEYSIDE","A","http://landregistry.data.gov.uk/data/ppi/transaction/5834E4E9-0182-29C7-E063-4804A8C015BC/current"
"5340B1C6-25D2-8052-E063-4804A8C06EE4","150000","2026-04-10","L23 9UH","T","N","F","","21","SEVENACRE ROAD","","LIVERPOOL","SEFTON","MERSEYSIDE","B","http://landregistry.data.gov.uk/data/ppi/transaction/5340B1C6-25D2-8052-E063-4804A8C06EE4/current"
"5340B1C5-96D2-8052-E063-4804A8C06EE4","238000","2026-03-27","L23 9UN","S","N","F","","45","WHITEMEADOW DRIVE","","LIVERPOOL","SEFTON","MERSEYSIDE","A","http://landregistry.data.gov.uk/data/ppi/transaction/5340B1C5-96D2-8052-E063-4804A8C06EE4/current"
"50D10B84-34A2-B8D0-E063-4704A8C08D98","200000","2026-03-31","L23 9UX","T","N","F","","8","LARCHFIELD ROAD","","LIVERPOOL","SEFTON","MERSEYSIDE","A","http://landregistry.data.gov.uk/data/ppi/transaction/50D10B84-34A2-B8D0-E063-4704A8C08D98/current"
"5340B1C5-95FB-8052-E063-4804A8C06EE4","278014","2026-04-29","L23 9XJ","S","N","F","","20","MILLCROFT","","LIVERPOOL","SEFTON","MERSEYSIDE","A","http://landregistry.data.gov.uk/data/ppi/transaction/5340B1C5-95FB-8052-E063-4804A8C06EE4/current"
"559C5AD5-5427-AFE3-E063-4804A8C004A4","305000","2026-05-22","L23 9XU","T","N","F","","57","RONALDSWAY","CROSBY","LIVERPOOL","SEFTON","MERSEYSIDE","A","http://landregistry.data.gov.uk/data/ppi/transaction/559C5AD5-5427-AFE3-E063-4804A8C004A4/current"
"559C5AD5-5424-AFE3-E063-4804A8C004A4","280000","2026-05-22","L23 9XY","S","N","F","","3","THORNFIELD ROAD","CROSBY","LIVERPOOL","SEFTON","MERSEYSIDE","A","http://landregistry.data.gov.uk/data/ppi/transaction/559C5AD5-5424-AFE3-E063-4804A8C004A4/current"
"5340B1C6-25E6-8052-E063-4804A8C06EE4","115000","2026-05-14","L23 9YF","T","N","L","","2","BROWNMOOR CLOSE","","LIVERPOOL","SEFTON","MERSEYSIDE","B","http://landregistry.data.gov.uk/data/ppi/transaction/5340B1C6-25E6-8052-E063-4804A8C06EE4/current"
